ticket_id,customer_name,customer_email,order_id,product_id,channel,subject,body,priority,created_at,label
bd5acb6e-c185-4509-9629-aa4e08c0d375,Michael Clements,garciastacey@example.org,ORD5475,P274,email,Product P274 is defective — screen doesn't turn on,Product P274 is defective — screen doesn't turn on. Serial: SN-ZBgT-2799.,high,2025-07-18T00:20:44.367299Z,defect
8a7e0a8c-95b0-414b-9815-b562c864b8db,Jennifer Reyes,lgardner@example.net,ORD8930,P827,chat,"Hi, I want a refund for order ORD8930","Hi, I want a refund for order ORD8930. The product arrived damaged and I don't want a replacement. Please advise refund steps.",low,2025-08-08T23:20:44.368089Z,refund
03b42ea0-a90d-4bfd-85a2-26e30f56bc84,Dr. Stephanie Miller,meredithlewis@example.net,ORD5744,P164,chat,Product P164 is defective — screen doesn't turn on,Product P164 is defective — screen doesn't turn on. Serial: SN-MzfR-3672.,medium,2025-07-16T22:20:44.368468Z,defect
1066625a-bcb0-4d80-9a87-ffbe655b7cb4,Joshua Bates,bettyweber@example.com,ORD2059,P657,email,Notice out tell song history skill evidence,Notice out tell song history skill evidence.,medium,2025-07-16T04:20:44.368879Z,other
13ff5565-4b22-4c54-8056-70eee3cf8aa0,Julie Riley,michaeldavis@example.net,,P458,chat,Product P458 is defective — screen doesn't turn on,Product P458 is defective — screen doesn't turn on. Serial: SN-iVIN-0927.,low,2025-07-20T22:20:44.369450Z,defect
203e5575-31d2-4fce-8308-0616ee7b3ab0,Ashley Riggs,jpatel@example.net,ORD5945,P567,chat,Product P567 is defective — screen doesn't turn on,Product P567 is defective — screen doesn't turn on. Serial: SN-oBZg-9931.,high,2025-07-10T09:20:44.369859Z,defect
49944b7f-0df8-4ac5-b6fe-3d07a81a2260,Kimberly Barron,tmoreno@example.net,ORD7289,P232,web,My order ORD7289 hasn't arrived,My order ORD7289 hasn't arrived. Tracking shows stuck at hub for 7 days. Please help with delivery update.,medium,2025-07-14T18:20:44.370191Z,delivery
ac48a022-bcec-497e-9ccb-77a62839e0a5,Donald Mckay,audrey88@example.org,ORD4540,P939,chat,My order ORD4540 hasn't arrived,My order ORD4540 hasn't arrived. Tracking shows stuck at hub for 7 days. Please help with delivery update.,low,2025-07-16T02:20:44.370513Z,delivery
de6adf09-71d6-4dde-a875-8a9156e66c7f,Daniel Ochoa,brian74@example.com,ORD7394,P104,email,My order ORD7394 hasn't arrived,My order ORD7394 hasn't arrived. Tracking shows stuck at hub for 7 days. Please help with delivery update.,low,2025-07-23T11:20:44.370788Z,delivery
aa29829b-b537-4c0c-9b67-c752fdbfa211,Kathryn Hoffman,qerickson@example.net,ORD2216,P969,web,My order ORD2216 hasn't arrived,My order ORD2216 hasn't arrived. Tracking shows stuck at hub for 7 days. Please help with delivery update.,low,2025-08-05T01:20:44.371045Z,delivery
20b2045e-6cc5-42d7-b7ee-c1458d22eddf,Michael Edwards,ashley70@example.net,,P870,web,"Hi, I want a refund for order ","Hi, I want a refund for order . The product arrived damaged and I don't want a replacement. Please advise refund steps.",low,2025-08-07T12:20:44.371351Z,refund
006f7f55-f5b2-4d13-93de-329e82e540be,Jacob Whitney,garciakurt@example.net,,P158,web,My order  hasn't arrived,My order  hasn't arrived. Tracking shows stuck at hub for 7 days. Please help with delivery update.,high,2025-07-14T17:20:44.371637Z,delivery
0524f3d2-30e0-4064-be59-2687a8b2f376,Lisa Lloyd,collinsbrian@example.net,ORD9219,P795,email,Authority already though institution admit offer difficult,Authority already though institution admit offer difficult. Federal because human arrive possible find oil contain.,low,2025-07-13T21:20:44.371991Z,other
917ad015-ce44-4c3a-a752-7af862710c13,Katherine Pace,andrew29@example.com,,P742,email,Same federal continue center improve easy,Same federal continue center improve easy.,medium,2025-07-29T08:20:44.372521Z,other
6fefbb5f-784b-4e59-af3e-81278a140ef8,Tanya Conrad,hernandezalbert@example.com,ORD1931,P891,web,"Hi, I want a refund for order ORD1931","Hi, I want a refund for order ORD1931. The product arrived damaged and I don't want a replacement. Please advise refund steps.",low,2025-07-11T23:20:44.372844Z,refund
13dd4105-b323-4d60-afa8-1b38f448b76a,Jonathan Ferrell,schneiderchristopher@example.org,,P844,web,My order  hasn't arrived,My order  hasn't arrived. Tracking shows stuck at hub for 7 days. Please help with delivery update.,high,2025-07-13T00:20:44.373181Z,delivery
5540a53f-d649-4e3d-8670-20a560229f77,Mary Schwartz,owhite@example.net,ORD5519,P710,web,My order ORD5519 hasn't arrived,My order ORD5519 hasn't arrived. Tracking shows stuck at hub for 7 days. Please help with delivery update.,medium,2025-07-16T20:20:44.373562Z,delivery
938feb81-760e-4a9a-9732-748d3287556a,Michael Johnson,middletonjoe@example.org,ORD3536,P732,email,My order ORD3536 hasn't arrived,My order ORD3536 hasn't arrived. Tracking shows stuck at hub for 7 days. Please help with delivery update.,low,2025-07-10T23:20:44.373838Z,delivery
5914d8df-21e8-4504-bdf8-2b82544dacf3,Debra Landry,aholmes@example.net,,P353,web,My order  hasn't arrived,My order  hasn't arrived. Tracking shows stuck at hub for 7 days. Please help with delivery update.,medium,2025-08-05T01:20:44.374160Z,delivery
822d32c4-30ac-4d1b-8230-f1bbb4c9497f,Robin Cross,zhouse@example.com,,P542,web,My order  hasn't arrived,My order  hasn't arrived. Tracking shows stuck at hub for 7 days. Please help with delivery update.,low,2025-07-29T07:20:44.374451Z,delivery
c15c302a-8f76-44cb-b39d-d0d4eb71c6ee,Jessica Hopkins,brenda12@example.net,ORD7790,P562,web,Product P562 is defective — screen doesn't turn on,Product P562 is defective — screen doesn't turn on. Serial: SN-HdXG-0073.,low,2025-08-02T01:20:44.374731Z,defect
613f198f-4c65-4f39-87c1-56707b037e0a,Jennifer Randall PhD,josephklein@example.net,ORD2185,P331,chat,"Hi, I want a refund for order ORD2185","Hi, I want a refund for order ORD2185. The product arrived damaged and I don't want a replacement. Please advise refund steps.",low,2025-07-13T04:20:44.375008Z,refund
4475d7f6-ee3c-42e1-a8b2-86e85aee0bc7,Reginald Hernandez,sandrareid@example.com,ORD9731,P672,web,My order ORD9731 hasn't arrived,My order ORD9731 hasn't arrived. Tracking shows stuck at hub for 7 days. Please help with delivery update.,medium,2025-07-19T01:20:44.375389Z,delivery
5883b4c3-bc87-4cc8-955c-3d03e4e9590b,Brenda Ball,michaelmoore@example.net,ORD7612,P285,web,"Hi, I want a refund for order ORD7612","Hi, I want a refund for order ORD7612. The product arrived damaged and I don't want a replacement. Please advise refund steps.",medium,2025-08-06T16:20:44.375768Z,refund
d267f329-3c9d-4688-9b5f-b762c9da22e2,Stacy Caldwell,elizabethmendez@example.net,,P990,web,Another me hard yet evidence itself,Another me hard yet evidence itself. As husband participant claim.,low,2025-07-31T12:20:44.376098Z,other
5645d507-52e6-4ee3-8c72-4cccb66cc3a2,Amanda Harris,paulbaker@example.com,ORD8179,P358,web,Product P358 is defective — screen doesn't turn on,Product P358 is defective — screen doesn't turn on. Serial: SN-ljjr-4433.,low,2025-08-01T03:20:44.377515Z,defect
784c5897-0d13-4db2-bd08-4553292770d9,Michael Clayton,delliott@example.com,ORD9832,P658,email,Relationship create trade,Relationship create trade. Enter politics second ability include.,low,2025-07-30T16:20:44.378278Z,other
690ff7d9-7cf2-494b-9a2f-3d59a34ab5ba,Vincent Odom,hodgeashley@example.com,ORD4108,P947,chat,My order ORD4108 hasn't arrived,My order ORD4108 hasn't arrived. Tracking shows stuck at hub for 7 days. Please help with delivery update.,medium,2025-07-15T06:20:44.378874Z,delivery
2a50b09e-bf5b-418c-a509-2660abd88b85,Christopher Romero,nathanmcdaniel@example.com,ORD2828,P595,email,"Hi, I want a refund for order ORD2828","Hi, I want a refund for order ORD2828. The product arrived damaged and I don't want a replacement. Please advise refund steps.",low,2025-08-02T22:20:44.379231Z,refund
d5968d34-f3f0-4408-b9fa-68cf17ef4265,Tamara Mcguire,walkerrebekah@example.com,,P839,chat,Product P839 is defective — screen doesn't turn on,Product P839 is defective — screen doesn't turn on. Serial: SN-oblR-2516.,low,2025-07-12T17:20:44.379706Z,defect
ccdc3221-b9c3-4fcb-aee0-6cc8fb944bfc,April Liu,patrickleah@example.com,ORD7367,P990,email,Product P990 is defective — screen doesn't turn on,Product P990 is defective — screen doesn't turn on. Serial: SN-MTlR-9377.,high,2025-08-01T23:20:44.380189Z,defect
82940f55-1743-4234-8e62-3fd9d36b9998,Renee Rios,jillianhunt@example.com,ORD5636,P417,chat,"Hi, I want a refund for order ORD5636","Hi, I want a refund for order ORD5636. The product arrived damaged and I don't want a replacement. Please advise refund steps.",low,2025-07-10T14:20:44.380633Z,refund
ae7da6a9-c35e-4905-9f95-a5fbd051c0d4,Pamela Brooks,milleranne@example.org,,P431,chat,"Hi, I want a refund for order ","Hi, I want a refund for order . The product arrived damaged and I don't want a replacement. Please advise refund steps.",low,2025-07-20T07:20:44.381001Z,refund
0920cfaf-116d-4491-b257-5018dca21687,William Kelly,nicholas57@example.net,ORD8009,P894,email,Product P894 is defective — screen doesn't turn on,Product P894 is defective — screen doesn't turn on. Serial: SN-IrrG-9832.,low,2025-07-17T11:20:44.381380Z,defect
f09bb02c-25f4-48d5-b81e-251744a274c4,Kimberly Perry,frank28@example.org,ORD9454,P252,email,My order ORD9454 hasn't arrived,My order ORD9454 hasn't arrived. Tracking shows stuck at hub for 7 days. Please help with delivery update.,low,2025-08-03T13:20:44.381755Z,delivery
886fca95-b180-4d37-ad8e-f1c70fce8974,Donna Parsons,brendan31@example.org,ORD3051,P945,web,Strong occur thus fear assume page language,Strong occur thus fear assume page language.,low,2025-08-06T09:20:44.382029Z,other
dd404341-ee9c-43aa-a821-1890808685bc,Jason Evans,dlloyd@example.net,,P789,web,"Hi, I want a refund for order ","Hi, I want a refund for order . The product arrived damaged and I don't want a replacement. Please advise refund steps.",low,2025-07-29T05:20:44.382489Z,refund
a7558e61-6714-43e4-ba5e-79d1a7956a42,Caleb Davis,donna06@example.net,ORD9629,P149,chat,Product P149 is defective — screen doesn't turn on,Product P149 is defective — screen doesn't turn on. Serial: SN-PNxm-4513.,low,2025-08-03T07:20:44.382840Z,defect
67515ea1-2417-4414-91e1-fe1df20ac950,Mary Krause,harrisdaniel@example.org,ORD1435,P283,web,"Hi, I want a refund for order ORD1435","Hi, I want a refund for order ORD1435. The product arrived damaged and I don't want a replacement. Please advise refund steps.",medium,2025-07-30T22:20:44.383133Z,refund
296a94c0-a4b6-4cbc-bede-25b9fb1b7da6,George Barnett,castrodavid@example.com,ORD3539,P573,email,"Hi, I want a refund for order ORD3539","Hi, I want a refund for order ORD3539. The product arrived damaged and I don't want a replacement. Please advise refund steps.",low,2025-07-22T13:20:44.383517Z,refund
505a494f-8954-4320-863e-66d8d98b465a,Jenny Pollard,hamiltonerin@example.org,ORD5242,P170,web,So church story reality and south hard decision,So church story reality and south hard decision. Lose article car final mean window economic few.,low,2025-07-26T07:20:44.383865Z,other
c9bc7cf0-b2c6-401d-8143-00acbac16d05,Darryl Roberts,leonardjoshua@example.org,ORD9565,P856,email,"Hi, I want a refund for order ORD9565","Hi, I want a refund for order ORD9565. The product arrived damaged and I don't want a replacement. Please advise refund steps.",low,2025-07-25T03:20:44.384322Z,refund
98131535-da73-46eb-a2a2-aa5d004b8336,Stacy Brown,matthew93@example.com,,P587,chat,Product P587 is defective — screen doesn't turn on,Product P587 is defective — screen doesn't turn on. Serial: SN-iWkF-8630.,low,2025-07-14T03:20:44.384948Z,defect
476d972b-fb83-4722-9b60-e9d779493303,Teresa Davis,wkirby@example.net,ORD3368,P410,web,Effort mind tax up present realize property leave,Effort mind tax up present realize property leave. Capital occur show thus clear material control year.,medium,2025-07-15T07:20:44.385293Z,other
268c8a17-7c59-4ab8-926b-775471752fc5,Randall Mckay,davisstephanie@example.org,ORD4763,P401,email,Third show positive leg short,Third show positive leg short. Outside national nice often their.,medium,2025-07-10T11:20:44.385830Z,other
920fd9b0-b975-40da-ad9d-bb9bcfee390f,Andrew Reynolds,leegood@example.net,,P412,web,Product P412 is defective — screen doesn't turn on,Product P412 is defective — screen doesn't turn on. Serial: SN-zSVT-8391.,low,2025-07-10T21:20:44.386310Z,defect
a675e5d3-2a49-475c-9280-efba0e55d5a0,Kyle Ellis,richardslisa@example.com,,P800,email,Worker item red whole risk recently,Worker item red whole risk recently.,low,2025-08-08T06:20:44.387379Z,other
70a7eb32-41e1-43fe-a5a2-1e75eff55cac,Margaret Robinson,fernandezpamela@example.com,ORD8051,P588,chat,"Hi, I want a refund for order ORD8051","Hi, I want a refund for order ORD8051. The product arrived damaged and I don't want a replacement. Please advise refund steps.",medium,2025-07-20T18:20:44.388032Z,refund
ece04a74-cfdc-4b44-a184-d22ebc710da6,Manuel Freeman,navarrostephanie@example.com,ORD1470,P112,chat,My order ORD1470 hasn't arrived,My order ORD1470 hasn't arrived. Tracking shows stuck at hub for 7 days. Please help with delivery update.,low,2025-07-12T08:20:44.388490Z,delivery
910d5dc3-bdfa-40f1-b7aa-41032b2740e2,Christopher Maxwell,david92@example.org,ORD2125,P615,chat,My order ORD2125 hasn't arrived,My order ORD2125 hasn't arrived. Tracking shows stuck at hub for 7 days. Please help with delivery update.,low,2025-07-20T15:20:44.388860Z,delivery
90395e0d-5254-4340-a70a-8806d6bade65,Christina Taylor,david66@example.org,ORD7111,P864,email,"Hi, I want a refund for order ORD7111","Hi, I want a refund for order ORD7111. The product arrived damaged and I don't want a replacement. Please advise refund steps.",low,2025-07-16T18:20:44.389127Z,refund
4b11769c-b95a-4565-bd83-8785ceda9596,Jasmine Diaz,andrew69@example.com,,P868,chat,Know near team growth skin fish,Know near team growth skin fish.,medium,2025-08-08T13:20:44.389681Z,other
b9a491fe-39b9-4fa5-ae8e-11d167b4bb92,Gary Bennett,sarah55@example.com,ORD9363,P937,web,My order ORD9363 hasn't arrived,My order ORD9363 hasn't arrived. Tracking shows stuck at hub for 7 days. Please help with delivery update.,low,2025-07-13T15:20:44.390112Z,delivery
e0ef85f8-c1bf-45ef-bb2f-eb09d18dac1d,James Martinez,jbarron@example.com,ORD8296,P937,email,Personal trade apply ten agent evidence individual,Personal trade apply ten agent evidence individual. Else item work network director every.,medium,2025-07-14T01:20:44.390487Z,other
3e22a8d3-0665-4f04-a9ad-51c6634cad8f,Natalie Moss,wendy29@example.com,ORD9975,P131,chat,"Hi, I want a refund for order ORD9975","Hi, I want a refund for order ORD9975. The product arrived damaged and I don't want a replacement. Please advise refund steps.",medium,2025-08-08T23:20:44.390871Z,refund
27852d8f-5e2a-45f8-a82c-abbeed8903f1,Isaiah Robertson,ryanperkins@example.net,,P572,email,My order  hasn't arrived,My order  hasn't arrived. Tracking shows stuck at hub for 7 days. Please help with delivery update.,medium,2025-07-30T18:20:44.391137Z,delivery
8b747877-a966-4d66-8a60-66eae461e4f9,Lori Sanders,browncharles@example.org,ORD4401,P471,email,"Hi, I want a refund for order ORD4401","Hi, I want a refund for order ORD4401. The product arrived damaged and I don't want a replacement. Please advise refund steps.",medium,2025-07-17T09:20:44.391556Z,refund
22b78d81-11cb-4e78-8654-7007c80a3f9d,Amber Wheeler,georgetimothy@example.org,ORD6401,P475,web,"Hi, I want a refund for order ORD6401","Hi, I want a refund for order ORD6401. The product arrived damaged and I don't want a replacement. Please advise refund steps.",low,2025-08-06T04:20:44.392004Z,refund
d429aa60-494f-46f9-8a7c-b8af7ec83a4a,Jennifer Rose,tina46@example.com,ORD1043,P943,email,"Hi, I want a refund for order ORD1043","Hi, I want a refund for order ORD1043. The product arrived damaged and I don't want a replacement. Please advise refund steps.",medium,2025-07-30T13:20:44.392725Z,refund
ae41f9e3-94d3-43e9-810a-884043d34488,Mary Velazquez,davidjones@example.org,ORD3984,P691,chat,My order ORD3984 hasn't arrived,My order ORD3984 hasn't arrived. Tracking shows stuck at hub for 7 days. Please help with delivery update.,low,2025-07-21T06:20:44.393139Z,delivery
c003241b-89d5-4fb9-9bee-0b6d7e36a798,Crystal Herring,christopher85@example.com,,P324,web,My order  hasn't arrived,My order  hasn't arrived. Tracking shows stuck at hub for 7 days. Please help with delivery update.,medium,2025-07-20T05:20:44.393546Z,delivery
156bd732-0b99-4b7b-b3b8-f6f185927c98,Eddie Marshall,hernandezlisa@example.com,ORD3299,P150,web,Product P150 is defective — screen doesn't turn on,Product P150 is defective — screen doesn't turn on. Serial: SN-Ktjh-6667.,medium,2025-07-10T13:20:44.393817Z,defect
52c42e97-2160-4a7e-b1b0-9bfe88829a51,Cody Robertson,daughertyteresa@example.com,,P310,email,Even must physical hard your team,Even must physical hard your team. Character manage push avoid.,low,2025-07-16T08:20:44.394188Z,other
c8e21d1b-634a-48eb-91dc-41de9cc910bd,Laura Pham,aaronhamilton@example.net,ORD2966,P263,web,Product P263 is defective — screen doesn't turn on,Product P263 is defective — screen doesn't turn on. Serial: SN-rqdc-2763.,low,2025-07-31T21:20:44.394772Z,defect
f51ced74-5e3d-43fd-90af-a25956ceeb52,Charles Lopez,fsimpson@example.org,ORD2747,P786,web,"Hi, I want a refund for order ORD2747","Hi, I want a refund for order ORD2747. The product arrived damaged and I don't want a replacement. Please advise refund steps.",medium,2025-07-10T05:20:44.395147Z,refund
28174046-59a6-4dae-a9a4-600b3da0ce71,Troy Norris,rho@example.net,ORD6987,P621,email,My order ORD6987 hasn't arrived,My order ORD6987 hasn't arrived. Tracking shows stuck at hub for 7 days. Please help with delivery update.,low,2025-08-08T01:20:44.395688Z,delivery
1a9b7cf7-9324-4c55-a8fa-c2375531053a,David Davis,xcox@example.org,ORD7613,P964,web,Product P964 is defective — screen doesn't turn on,Product P964 is defective — screen doesn't turn on. Serial: SN-gHnT-2312.,low,2025-07-21T21:20:44.396039Z,defect
a367aca0-2ada-468c-94d3-f4b3f849a658,Daniel Lloyd,christina01@example.net,ORD4798,P423,web,"Hi, I want a refund for order ORD4798","Hi, I want a refund for order ORD4798. The product arrived damaged and I don't want a replacement. Please advise refund steps.",low,2025-08-02T19:20:44.396655Z,refund
2f4d2c04-21c4-4468-8467-ec7c858d2032,Joe Robinson,william16@example.com,ORD2057,P270,web,My order ORD2057 hasn't arrived,My order ORD2057 hasn't arrived. Tracking shows stuck at hub for 7 days. Please help with delivery update.,low,2025-07-15T02:20:44.397035Z,delivery
71ad2025-7083-40fe-9921-a8551c2fc5c6,Matthew Dennis,anthonylowery@example.net,ORD7767,P670,web,Get service strategy traditional college service,Get service strategy traditional college service. Every subject list adult customer mind.,low,2025-07-23T15:20:44.397307Z,other
ce248bd4-8f5d-4cb9-8494-97886d10661e,Paula Morales,patricia88@example.net,,P182,web,Product P182 is defective — screen doesn't turn on,Product P182 is defective — screen doesn't turn on. Serial: SN-tDms-2592.,low,2025-07-13T13:20:44.397846Z,defect
089312a0-ead6-4185-a492-2bb7bb69dcce,Marissa White,eric72@example.com,ORD5788,P985,chat,My order ORD5788 hasn't arrived,My order ORD5788 hasn't arrived. Tracking shows stuck at hub for 7 days. Please help with delivery update.,low,2025-08-09T00:20:44.398806Z,delivery
566bf040-3fee-4fbb-9bbd-2d048599cc13,Michael Hall,turnerkenneth@example.net,,P502,web,My order  hasn't arrived,My order  hasn't arrived. Tracking shows stuck at hub for 7 days. Please help with delivery update.,low,2025-07-23T19:20:44.399555Z,delivery
46ef4fef-071c-4496-b959-fdda70641bf1,Jeffrey Rivera,youngpaul@example.com,ORD2422,P259,web,Represent student air term,Represent student air term. Relate large everything sea how them return.,low,2025-07-15T15:20:44.400399Z,other
c13eaf82-e5f9-4488-a7dd-e9de43628677,Eric Wood,andrewjordan@example.org,ORD7924,P892,chat,Product P892 is defective — screen doesn't turn on,Product P892 is defective — screen doesn't turn on. Serial: SN-rctJ-5333.,high,2025-07-14T22:20:44.401019Z,defect
0db30a9e-3f9e-4ff7-94e9-c41e5f708cc0,Richard Tyler,tracylynch@example.com,,P471,chat,Product P471 is defective — screen doesn't turn on,Product P471 is defective — screen doesn't turn on. Serial: SN-Nidv-4331.,medium,2025-07-12T09:20:44.401418Z,defect
feb72773-8f3d-4a4f-9274-1e548d113daf,Nathan Shaffer,douglasnorman@example.net,ORD8534,P260,chat,My order ORD8534 hasn't arrived,My order ORD8534 hasn't arrived. Tracking shows stuck at hub for 7 days. Please help with delivery update.,low,2025-08-03T20:20:44.401771Z,delivery
c2ff7527-01dd-4436-9289-90c110610353,Andrea Lewis,annejackson@example.net,ORD6448,P864,web,My order ORD6448 hasn't arrived,My order ORD6448 hasn't arrived. Tracking shows stuck at hub for 7 days. Please help with delivery update.,high,2025-08-09T08:20:44.402123Z,delivery
1c78c047-416f-4283-a4f5-8872949e4e15,Amanda Hampton,kendraandrews@example.net,ORD7610,P792,email,"Hi, I want a refund for order ORD7610","Hi, I want a refund for order ORD7610. The product arrived damaged and I don't want a replacement. Please advise refund steps.",medium,2025-07-12T01:20:44.402536Z,refund
f49ea881-0a69-41ff-9ffb-fc552ac47329,Danielle Nichols,thompsonlisa@example.com,ORD7225,P414,email,"Hi, I want a refund for order ORD7225","Hi, I want a refund for order ORD7225. The product arrived damaged and I don't want a replacement. Please advise refund steps.",low,2025-08-06T20:20:44.402896Z,refund
6e1c854f-3e3d-4c8a-b387-d4deb8ec947e,Paul Gonzalez,alexanderallen@example.com,ORD8555,P996,chat,Product P996 is defective — screen doesn't turn on,Product P996 is defective — screen doesn't turn on. Serial: SN-wtCb-2163.,high,2025-08-04T13:20:44.403249Z,defect
a8bfa729-fff6-44af-b76a-6b8948a1a5f3,Jennifer Russell,lstokes@example.net,,P563,web,"Hi, I want a refund for order ","Hi, I want a refund for order . The product arrived damaged and I don't want a replacement. Please advise refund steps.",high,2025-08-08T02:20:44.403677Z,refund
c6df5754-f178-49bc-be7a-f7d18fd41e5e,Hannah Campbell,griffinjames@example.org,ORD3861,P341,web,My order ORD3861 hasn't arrived,My order ORD3861 hasn't arrived. Tracking shows stuck at hub for 7 days. Please help with delivery update.,medium,2025-07-20T05:20:44.403970Z,delivery
748dc309-7394-4e4c-ab37-a5cf59766b04,Fernando White,kevin97@example.com,ORD7965,P881,chat,Vote star owner respond,Vote star owner respond. Bank read air health hot shake baby.,medium,2025-07-09T15:20:44.404326Z,other
664d08d0-2a3a-4bcb-a8e7-d90ca913d28d,Cheyenne Spencer,xholden@example.net,ORD2314,P565,email,Product P565 is defective — screen doesn't turn on,Product P565 is defective — screen doesn't turn on. Serial: SN-oNjP-9360.,low,2025-07-24T12:20:44.405657Z,defect
624e69bf-1766-49f0-a2cd-94edba90c2e5,Cathy Petty,jayala@example.net,ORD7982,P857,web,"Hi, I want a refund for order ORD7982","Hi, I want a refund for order ORD7982. The product arrived damaged and I don't want a replacement. Please advise refund steps.",medium,2025-08-01T20:20:44.406100Z,refund
dbf5be70-a622-40ab-9717-4e8a06bdc64e,Alan Wilkins,qramos@example.com,ORD4119,P750,email,My order ORD4119 hasn't arrived,My order ORD4119 hasn't arrived. Tracking shows stuck at hub for 7 days. Please help with delivery update.,medium,2025-08-04T16:20:44.406507Z,delivery
8419e5bb-81ac-4ae0-9d4f-499da0e69a03,Kelsey Griffin,charles24@example.net,ORD1532,P262,email,My order ORD1532 hasn't arrived,My order ORD1532 hasn't arrived. Tracking shows stuck at hub for 7 days. Please help with delivery update.,low,2025-07-18T10:20:44.406859Z,delivery
9a9ef3d9-9dac-4f7e-8d7b-ebe6b0febecd,Douglas Rivera,mullinsmichael@example.org,,P594,chat,"Hi, I want a refund for order ","Hi, I want a refund for order . The product arrived damaged and I don't want a replacement. Please advise refund steps.",high,2025-07-22T22:20:44.407149Z,refund
c97c00fd-fee8-4d22-ae43-5dd197e5447e,Kathryn Richards,gknox@example.net,,P293,web,"Hi, I want a refund for order ","Hi, I want a refund for order . The product arrived damaged and I don't want a replacement. Please advise refund steps.",high,2025-07-11T19:20:44.407564Z,refund
584a7858-492f-468f-8f4f-9222fd0a8dc0,Aaron Edwards,jacobsdennis@example.net,ORD6780,P916,web,Since view responsibility mind author,Since view responsibility mind author. Road term throughout chair evening.,low,2025-07-28T13:20:44.407850Z,other
9c61d04f-5070-4cbc-923a-4fdea2aae978,James Harding,tylerrenee@example.org,ORD2004,P677,chat,Only television half really citizen trouble technology,Only television half really citizen trouble technology.,medium,2025-07-31T00:20:44.408402Z,other
52649e6d-da5f-4ddd-a2f7-42228598814b,Carrie Kaiser,bentleydanielle@example.net,,P929,web,"Hi, I want a refund for order ","Hi, I want a refund for order . The product arrived damaged and I don't want a replacement. Please advise refund steps.",medium,2025-07-11T15:20:44.408814Z,refund
eff198a0-580c-4a29-84e4-93340d4de647,Jason Hayes,tammiebaker@example.org,ORD2312,P588,chat,Product P588 is defective — screen doesn't turn on,Product P588 is defective — screen doesn't turn on. Serial: SN-GrHS-9584.,low,2025-07-13T08:20:44.409180Z,defect
6af2830a-d61b-42e3-849c-b72ffe464fb6,Dennis Griffith,thomastaylor@example.org,ORD6224,P237,web,"Hi, I want a refund for order ORD6224","Hi, I want a refund for order ORD6224. The product arrived damaged and I don't want a replacement. Please advise refund steps.",low,2025-07-20T06:20:44.409589Z,refund
f8e02f1f-80b1-41e7-a167-1691db78010d,Jessica Parrish,watsonedwin@example.org,ORD1575,P169,web,"Hi, I want a refund for order ORD1575","Hi, I want a refund for order ORD1575. The product arrived damaged and I don't want a replacement. Please advise refund steps.",low,2025-08-04T13:20:44.409948Z,refund
e6e2f3c5-d6aa-4134-acc3-e53ca9db36d0,Karen Salinas,karen74@example.org,ORD5937,P369,chat,My order ORD5937 hasn't arrived,My order ORD5937 hasn't arrived. Tracking shows stuck at hub for 7 days. Please help with delivery update.,high,2025-07-28T02:20:44.410657Z,delivery
424d32cf-2965-4180-858d-694423fea19a,Cheryl French,matthew27@example.com,ORD1055,P332,chat,Hundred firm turn wish whom treatment,Hundred firm turn wish whom treatment.,low,2025-07-30T03:20:44.411151Z,other
c91f5cbb-fbf7-4ce2-873a-0e027f7dceae,Katherine Thompson,ryanallen@example.org,,P764,email,Product P764 is defective — screen doesn't turn on,Product P764 is defective — screen doesn't turn on. Serial: SN-kZIX-6220.,medium,2025-08-05T07:20:44.411652Z,defect
b048b8b5-6de0-4b18-b982-1a71b5a1c810,Preston Guzman,juan08@example.org,ORD5641,P358,email,Product P358 is defective — screen doesn't turn on,Product P358 is defective — screen doesn't turn on. Serial: SN-ouQL-4179.,medium,2025-07-22T06:20:44.412034Z,defect
0dab2272-29ce-4ef5-8c9e-f9fd2157487d,Timothy Soto,anthony45@example.org,ORD2371,P179,web,"Hi, I want a refund for order ORD2371","Hi, I want a refund for order ORD2371. The product arrived damaged and I don't want a replacement. Please advise refund steps.",medium,2025-08-06T03:20:44.412323Z,refund
6b531539-5a8a-4390-9990-3f769ac40be2,Jesus Nguyen,ablack@example.com,ORD1860,P979,chat,"Hi, I want a refund for order ORD1860","Hi, I want a refund for order ORD1860. The product arrived damaged and I don't want a replacement. Please advise refund steps.",medium,2025-08-03T00:20:44.412682Z,refund
072ae3c1-34dc-4eea-b8f0-7a6298f8e2ad,Kimberly Waller,perezdaniel@example.net,ORD7705,P874,chat,"Hi, I want a refund for order ORD7705","Hi, I want a refund for order ORD7705. The product arrived damaged and I don't want a replacement. Please advise refund steps.",low,2025-08-09T00:20:44.412969Z,refund
34b150e9-40f1-47fd-8b70-e4d2a368db1e,Dennis Serrano,brendagraham@example.org,ORD5143,P647,web,My order ORD5143 hasn't arrived,My order ORD5143 hasn't arrived. Tracking shows stuck at hub for 7 days. Please help with delivery update.,high,2025-07-17T23:20:44.413322Z,delivery
74d9871d-f704-4260-a91f-b02e1f55e648,Tracy Pennington,crawfordshawn@example.net,ORD2408,P206,chat,"Hi, I want a refund for order ORD2408","Hi, I want a refund for order ORD2408. The product arrived damaged and I don't want a replacement. Please advise refund steps.",low,2025-07-15T14:20:44.413708Z,refund
67bd2123-a7c5-4d42-9f67-aecc59ebe746,Xavier Clayton,berrysandra@example.org,ORD1704,P287,email,Crime the spring quality quickly east,Crime the spring quality quickly east.,low,2025-08-09T12:20:44.414054Z,other
6a1b5384-7d82-466c-879b-24168d118b10,Jeffrey Parker,tiffanysanders@example.net,ORD1184,P642,chat,Product P642 is defective — screen doesn't turn on,Product P642 is defective — screen doesn't turn on. Serial: SN-ngOs-7283.,medium,2025-08-03T13:20:44.414569Z,defect
14a54539-432c-4539-bd3e-fc455f3af34f,Jacqueline Brooks,peterespinoza@example.net,,P871,web,"Hi, I want a refund for order ","Hi, I want a refund for order . The product arrived damaged and I don't want a replacement. Please advise refund steps.",low,2025-08-01T17:20:44.414964Z,refund
0734ddca-7c6d-460c-ace9-c163e8c7ba0a,Steven Skinner,lindseystewart@example.org,,P794,email,American media moment with win,American media moment with win.,high,2025-08-02T16:20:44.415312Z,other
594fd04c-28f6-4337-a324-144f35da8b27,Nicole Mason,russellheather@example.com,ORD3110,P931,web,Environmental policy hope understand civil,Environmental policy hope understand civil.,medium,2025-07-10T14:20:44.415783Z,other
052d39d3-1df7-48a2-9cda-2a6237801154,Alexander Delgado,bryan72@example.org,ORD4120,P552,chat,Product P552 is defective — screen doesn't turn on,Product P552 is defective — screen doesn't turn on. Serial: SN-mVKw-6178.,low,2025-07-25T15:20:44.416166Z,defect
301efc95-33c0-4176-bec3-ca0f541f9913,Carlos Thompson,darrell37@example.net,,P586,web,Product P586 is defective — screen doesn't turn on,Product P586 is defective — screen doesn't turn on. Serial: SN-woPQ-9529.,low,2025-08-02T23:20:44.416915Z,defect
69e20f71-0b73-4f6c-a738-cced192c3dfa,Maria Taylor,starkjane@example.com,ORD2309,P599,email,Product P599 is defective — screen doesn't turn on,Product P599 is defective — screen doesn't turn on. Serial: SN-mofy-9437.,low,2025-08-05T04:20:44.417467Z,defect
b7d3c609-baba-46ae-81c8-4794a60a92ab,Lisa Carter,cfernandez@example.org,ORD1915,P484,chat,My order ORD1915 hasn't arrived,My order ORD1915 hasn't arrived. Tracking shows stuck at hub for 7 days. Please help with delivery update.,low,2025-07-18T06:20:44.417862Z,delivery
1c56179f-524f-4b33-8d3a-18038f5c96e1,Andres Gould,csmith@example.org,ORD7632,P964,email,Product P964 is defective — screen doesn't turn on,Product P964 is defective — screen doesn't turn on. Serial: SN-qmwq-4659.,low,2025-08-01T17:20:44.418141Z,defect
92b596e8-364e-4678-a373-e23818ca81e9,John Frey,zsims@example.net,,P505,chat,Product P505 is defective — screen doesn't turn on,Product P505 is defective — screen doesn't turn on. Serial: SN-xcRl-6207.,low,2025-08-03T15:20:44.418466Z,defect
4b4ecfca-df66-4923-b1e1-c06c6c8de71b,Ashley Mosley,nicolaslopez@example.org,,P784,chat,"Hi, I want a refund for order ","Hi, I want a refund for order . The product arrived damaged and I don't want a replacement. Please advise refund steps.",medium,2025-07-24T20:20:44.418789Z,refund
e2aa99f1-717a-4bdc-9058-ca59667de9da,Jeremy Carter,ndavis@example.com,ORD5737,P789,email,My order ORD5737 hasn't arrived,My order ORD5737 hasn't arrived. Tracking shows stuck at hub for 7 days. Please help with delivery update.,medium,2025-07-30T10:20:44.419134Z,delivery
8bac35ee-360b-4c27-9b1f-717b9d7c0e37,Sue Cole,jocelynbennett@example.net,ORD5006,P803,web,Product P803 is defective — screen doesn't turn on,Product P803 is defective — screen doesn't turn on. Serial: SN-epWi-6681.,low,2025-07-10T20:20:44.420218Z,defect
942b1940-c6a6-442a-93f7-2142a2e88824,Joshua Nelson,nwebb@example.net,ORD1134,P325,web,Product P325 is defective — screen doesn't turn on,Product P325 is defective — screen doesn't turn on. Serial: SN-wqAF-6857.,low,2025-07-26T07:20:44.421011Z,defect
625ec3d4-f50e-449a-847a-b337ccfb5c81,Kayla Davis,monica59@example.net,ORD1754,P522,web,Job take rock decade likely,Job take rock decade likely.,medium,2025-07-18T23:20:44.421414Z,other
91981182-e762-40c8-81a8-7ac1ce839f3e,Danielle Anderson,amandafisher@example.net,ORD5205,P923,web,Possible necessary yes,Possible necessary yes. Newspaper reduce list you.,medium,2025-08-02T04:20:44.421852Z,other
a94ebe18-851b-45b2-959b-cbff41186636,Curtis Hudson,fmendoza@example.org,ORD5797,P812,web,Product P812 is defective — screen doesn't turn on,Product P812 is defective — screen doesn't turn on. Serial: SN-lJbq-6081.,medium,2025-08-02T15:20:44.422280Z,defect
c5add460-1ed4-4a3f-a509-c01d7e23c0c0,Michelle Cohen,paulalee@example.com,,P498,chat,My order  hasn't arrived,My order  hasn't arrived. Tracking shows stuck at hub for 7 days. Please help with delivery update.,low,2025-07-23T12:20:44.422659Z,delivery
c899ec96-13af-40fb-a3b8-276710da334e,Ian Jacobson,michaelprice@example.net,ORD8896,P559,email,"Hi, I want a refund for order ORD8896","Hi, I want a refund for order ORD8896. The product arrived damaged and I don't want a replacement. Please advise refund steps.",low,2025-07-31T12:20:44.423040Z,refund
8d528634-6bb0-492f-87f5-288a50d4bf11,Reginald Guerrero,charlesfisher@example.org,ORD7220,P761,web,My order ORD7220 hasn't arrived,My order ORD7220 hasn't arrived. Tracking shows stuck at hub for 7 days. Please help with delivery update.,low,2025-08-03T11:20:44.423515Z,delivery
0cd94a67-5d0d-4ce2-8544-870cef089fac,Nathaniel Gonzalez,fcampbell@example.net,ORD4204,P236,email,Product P236 is defective — screen doesn't turn on,Product P236 is defective — screen doesn't turn on. Serial: SN-jgCq-2455.,high,2025-07-17T21:20:44.423866Z,defect
2d4506e4-2f20-4f09-a4bf-3ac9f1779c66,Zachary Bush,sheila73@example.org,ORD4950,P366,email,Product P366 is defective — screen doesn't turn on,Product P366 is defective — screen doesn't turn on. Serial: SN-tWrF-0992.,low,2025-07-16T01:20:44.424176Z,defect
63aea368-9b53-4e2f-b005-fbad46a49fee,Jonathan Cook,morganwilliams@example.com,,P502,web,"Hi, I want a refund for order ","Hi, I want a refund for order . The product arrived damaged and I don't want a replacement. Please advise refund steps.",medium,2025-07-28T19:20:44.424475Z,refund
df472d1c-af37-4612-bb6b-0041ba4ed7b9,Kristy Mueller,seth02@example.net,ORD5795,P431,chat,My order ORD5795 hasn't arrived,My order ORD5795 hasn't arrived. Tracking shows stuck at hub for 7 days. Please help with delivery update.,low,2025-08-04T15:20:44.424821Z,delivery
fbfe526d-85ae-462f-8369-9f95a2f51033,Christopher Knapp,fedwards@example.org,ORD5079,P581,email,"Hi, I want a refund for order ORD5079","Hi, I want a refund for order ORD5079. The product arrived damaged and I don't want a replacement. Please advise refund steps.",low,2025-07-19T20:20:44.425090Z,refund
41f31090-f343-40e4-a794-035f44ef3e07,Julie Turner,joshua80@example.com,,P742,chat,My order  hasn't arrived,My order  hasn't arrived. Tracking shows stuck at hub for 7 days. Please help with delivery update.,medium,2025-08-04T12:20:44.425407Z,delivery
c5506009-38e1-4b18-82d3-4dee6fe83c29,Rebecca Payne,xspears@example.com,ORD4199,P439,chat,My order ORD4199 hasn't arrived,My order ORD4199 hasn't arrived. Tracking shows stuck at hub for 7 days. Please help with delivery update.,medium,2025-07-15T14:20:44.425659Z,delivery
27551286-874b-484a-af7f-c38ce2fe7061,Chelsea King,matthewweeks@example.com,ORD6383,P599,email,Food development eight page shake you almost,Food development eight page shake you almost.,medium,2025-07-12T00:20:44.425926Z,other
5f23f941-dc0c-480c-9fa9-788f207dc0bb,Sarah Reese,joan28@example.org,ORD7969,P663,web,My order ORD7969 hasn't arrived,My order ORD7969 hasn't arrived. Tracking shows stuck at hub for 7 days. Please help with delivery update.,low,2025-07-17T10:20:44.426386Z,delivery
6f3e493e-eba5-4659-921a-fd8fc6dfce76,Justin Green,curtispeters@example.org,ORD5072,P193,web,My order ORD5072 hasn't arrived,My order ORD5072 hasn't arrived. Tracking shows stuck at hub for 7 days. Please help with delivery update.,medium,2025-08-02T11:20:44.426662Z,delivery
f1bdf18c-620b-422b-b714-b1089e66d770,Mary Weeks,smithconnie@example.com,ORD3130,P499,chat,Reduce American may operation economy worry education make,Reduce American may operation economy worry education make. Memory life together red say decade.,high,2025-07-16T12:20:44.427008Z,other
8c8f1ab2-48a2-4534-af6b-f7b40d064d5e,Megan Miller MD,timothy71@example.com,ORD4936,P909,web,Ball finish Democrat serve example seek,Ball finish Democrat serve example seek.,medium,2025-07-10T17:20:44.427488Z,other
435448c2-509a-4bfd-af50-57bbb6b3746f,Jamie Clark,joannekaiser@example.org,ORD9718,P163,chat,My order ORD9718 hasn't arrived,My order ORD9718 hasn't arrived. Tracking shows stuck at hub for 7 days. Please help with delivery update.,medium,2025-07-10T10:20:44.427816Z,delivery
4ef399fb-77cd-4aa5-ad53-7c550b2bba26,Connie Adams,david30@example.com,ORD9599,P359,email,My order ORD9599 hasn't arrived,My order ORD9599 hasn't arrived. Tracking shows stuck at hub for 7 days. Please help with delivery update.,medium,2025-07-13T09:20:44.428141Z,delivery
4064735b-0082-4c75-b61e-662756fce123,Brian Lawrence,garciaangela@example.com,ORD8554,P634,web,"Hi, I want a refund for order ORD8554","Hi, I want a refund for order ORD8554. The product arrived damaged and I don't want a replacement. Please advise refund steps.",low,2025-07-12T18:20:44.428428Z,refund
96c99ac3-b563-4f58-a854-4f803a2ba3b3,Jennifer Mcclure,kellykenneth@example.org,ORD4695,P775,chat,Product P775 is defective — screen doesn't turn on,Product P775 is defective — screen doesn't turn on. Serial: SN-SHhp-8860.,low,2025-08-04T20:20:44.428777Z,defect
e4dd212e-b50b-4838-98b6-9f06352821c0,Amy Davis,amanda13@example.org,ORD1839,P213,chat,"Hi, I want a refund for order ORD1839","Hi, I want a refund for order ORD1839. The product arrived damaged and I don't want a replacement. Please advise refund steps.",high,2025-07-13T18:20:44.429139Z,refund
54c61387-e8ea-4f80-b589-54405f347dac,Shelia Mccoy,hmoreno@example.net,ORD1438,P968,email,Blood table act fight system which member,Blood table act fight system which member. Able and such so science add chair.,high,2025-08-05T13:20:44.429406Z,other
d4265d9d-2298-4852-8ce4-a0db6e53cd9a,Mary Warren,alexanderrussell@example.org,ORD5529,P753,email,My order ORD5529 hasn't arrived,My order ORD5529 hasn't arrived. Tracking shows stuck at hub for 7 days. Please help with delivery update.,low,2025-08-06T21:20:44.429774Z,delivery
e265a845-62dd-44e0-9fbe-3d4212ea9cc5,John Miller,sburns@example.net,ORD9805,P806,chat,"Hi, I want a refund for order ORD9805","Hi, I want a refund for order ORD9805. The product arrived damaged and I don't want a replacement. Please advise refund steps.",low,2025-07-28T21:20:44.430098Z,refund
be2f5400-9f7a-41d5-8009-616c4c6637fc,Eric Robinson,campbellvictoria@example.net,ORD6462,P218,chat,Product P218 is defective — screen doesn't turn on,Product P218 is defective — screen doesn't turn on. Serial: SN-JBZl-5857.,low,2025-07-28T23:20:44.430638Z,defect
8d091349-901b-48d2-b0d0-e60facfac882,Linda Woods,qsnyder@example.org,ORD6903,P844,web,My order ORD6903 hasn't arrived,My order ORD6903 hasn't arrived. Tracking shows stuck at hub for 7 days. Please help with delivery update.,low,2025-07-22T02:20:44.431036Z,delivery
fd542096-48df-4d1f-942b-0249a2c24ec9,Samantha Hernandez,ghenderson@example.org,,P299,email,Product P299 is defective — screen doesn't turn on,Product P299 is defective — screen doesn't turn on. Serial: SN-yLUH-0413.,low,2025-07-24T21:20:44.431401Z,defect
8c9f1018-3465-40ed-b2f4-f59b92a55694,Bruce Hale,andre73@example.org,,P469,email,My order  hasn't arrived,My order  hasn't arrived. Tracking shows stuck at hub for 7 days. Please help with delivery update.,low,2025-07-22T07:20:44.431722Z,delivery
3a8b0df3-87fe-45bc-b06c-4eabd513d235,Toni Stewart,jennafields@example.org,,P847,web,"Hi, I want a refund for order ","Hi, I want a refund for order . The product arrived damaged and I don't want a replacement. Please advise refund steps.",high,2025-07-21T12:20:44.431979Z,refund
cbd56948-df16-406a-af3f-c7ab62b7bc9e,Michael Johnson,thomaskelley@example.com,ORD5783,P381,email,Development any energy affect size however including,Development any energy affect size however including. What history color.,low,2025-08-01T15:20:44.432339Z,other
14889e38-f034-4131-8c61-a77eb7c05ad5,Krystal Williams,lfloyd@example.org,,P344,chat,My order  hasn't arrived,My order  hasn't arrived. Tracking shows stuck at hub for 7 days. Please help with delivery update.,low,2025-07-22T12:20:44.432810Z,delivery
85543443-abfc-4017-85ae-2e476c76da30,Kerry Ward,brittany21@example.net,ORD8789,P695,chat,"Hi, I want a refund for order ORD8789","Hi, I want a refund for order ORD8789. The product arrived damaged and I don't want a replacement. Please advise refund steps.",medium,2025-07-14T12:20:44.433094Z,refund
db0b047e-7eaa-46f6-8ed1-2db1e7cd4af6,Kathleen Hoffman,brianmccarty@example.net,ORD5976,P882,chat,My order ORD5976 hasn't arrived,My order ORD5976 hasn't arrived. Tracking shows stuck at hub for 7 days. Please help with delivery update.,low,2025-07-23T22:20:44.433393Z,delivery
76964c34-ce3d-4032-9779-3db45c4e9974,Amy Saunders,jjackson@example.net,ORD2789,P887,chat,Product P887 is defective — screen doesn't turn on,Product P887 is defective — screen doesn't turn on. Serial: SN-Viee-8732.,low,2025-07-26T06:20:44.433752Z,defect
b25f6500-4475-4cb6-b1f0-26b3b60fe5d8,Melanie Carter,vescobar@example.com,,P996,web,Product P996 is defective — screen doesn't turn on,Product P996 is defective — screen doesn't turn on. Serial: SN-JnIt-9660.,low,2025-07-24T17:20:44.434073Z,defect
64c9b242-74c8-4bf5-afc7-1339e5ed417d,Jason Willis,holly86@example.com,ORD9865,P340,email,"Hi, I want a refund for order ORD9865","Hi, I want a refund for order ORD9865. The product arrived damaged and I don't want a replacement. Please advise refund steps.",low,2025-08-01T19:20:44.434889Z,refund
b359c99d-d267-4d2b-b2e3-7cee8729a366,Mary Shields,msilva@example.org,,P928,email,"Hi, I want a refund for order ","Hi, I want a refund for order . The product arrived damaged and I don't want a replacement. Please advise refund steps.",medium,2025-07-12T02:20:44.435256Z,refund
3056ccfb-d7b9-4ff3-8782-8103cd93da35,Jeremy Ray,dustin05@example.com,ORD2071,P655,chat,Product P655 is defective — screen doesn't turn on,Product P655 is defective — screen doesn't turn on. Serial: SN-siZb-6921.,low,2025-08-04T22:20:44.435578Z,defect
abc0852c-59f7-4a7f-83f2-2b0a65e507ea,Joshua Sullivan,fmontgomery@example.org,ORD9224,P663,email,Bed those they carry term life,Bed those they carry term life.,medium,2025-07-11T08:20:44.435866Z,other
ec9395c7-5d84-40be-b109-fa1094dcf7b1,Brandon Hopkins,jeremyjensen@example.net,ORD7467,P916,web,"Hi, I want a refund for order ORD7467","Hi, I want a refund for order ORD7467. The product arrived damaged and I don't want a replacement. Please advise refund steps.",medium,2025-07-23T07:20:44.436243Z,refund
61a49bc1-9410-45c4-a824-89bb0fbfdca5,Stephanie Shaw,robertstewart@example.com,ORD4380,P157,chat,My order ORD4380 hasn't arrived,My order ORD4380 hasn't arrived. Tracking shows stuck at hub for 7 days. Please help with delivery update.,low,2025-07-09T20:20:44.436619Z,delivery
2dd0f91a-c57e-4b6f-ba60-334f5ac5a8c5,Linda Hawkins,susanallen@example.net,ORD7312,P678,email,My order ORD7312 hasn't arrived,My order ORD7312 hasn't arrived. Tracking shows stuck at hub for 7 days. Please help with delivery update.,low,2025-07-27T08:20:44.436942Z,delivery
52240907-8782-401f-9bf4-de01f0ea3e35,Steven Bell,john56@example.org,,P155,web,My order  hasn't arrived,My order  hasn't arrived. Tracking shows stuck at hub for 7 days. Please help with delivery update.,low,2025-08-07T05:20:44.437263Z,delivery
9db1857a-3ee3-47fe-96a2-45d55320f418,Eric Potter,matthew62@example.org,ORD5916,P546,email,Any author event necessary,Any author event necessary.,low,2025-08-08T06:20:44.437523Z,other
f092eb3e-26b0-44c8-a693-f125e2cc256c,Kimberly Williams,jasondiaz@example.com,ORD4602,P243,chat,Product P243 is defective — screen doesn't turn on,Product P243 is defective — screen doesn't turn on. Serial: SN-MXaY-7026.,low,2025-07-19T07:20:44.437844Z,defect
501defd2-4069-4a30-81d7-388e0f3db9c8,Katie Kelly,deborah34@example.net,,P539,chat,"Hi, I want a refund for order ","Hi, I want a refund for order . The product arrived damaged and I don't want a replacement. Please advise refund steps.",low,2025-07-29T23:20:44.438218Z,refund
de4abc72-8cc6-44f7-8bab-13a23a8e93e4,Kathleen Freeman,luke32@example.org,ORD2255,P770,web,My order ORD2255 hasn't arrived,My order ORD2255 hasn't arrived. Tracking shows stuck at hub for 7 days. Please help with delivery update.,medium,2025-08-04T23:20:44.439129Z,delivery
e668382b-fdba-4c4d-8643-cc85c27a9b11,Chad Garner,wblackburn@example.com,,P310,email,Cause difference bad assume attention,Cause difference bad assume attention. Road before hundred court.,low,2025-07-20T22:20:44.439834Z,other
65bb6ff2-904c-4450-a3e4-d6f36782a9f4,Jacob Robinson,devon00@example.org,ORD5356,P604,chat,My order ORD5356 hasn't arrived,My order ORD5356 hasn't arrived. Tracking shows stuck at hub for 7 days. Please help with delivery update.,medium,2025-07-21T07:20:44.440521Z,delivery
bfa06d35-ca6c-4c15-897b-626052924136,Sarah Torres,aanderson@example.com,ORD5397,P184,web,"Hi, I want a refund for order ORD5397","Hi, I want a refund for order ORD5397. The product arrived damaged and I don't want a replacement. Please advise refund steps.",low,2025-07-10T15:20:44.440838Z,refund
d40a6619-ef07-4a2e-98c0-5e103be35e1a,Lauren Jimenez,psanchez@example.net,,P729,chat,"Hi, I want a refund for order ","Hi, I want a refund for order . The product arrived damaged and I don't want a replacement. Please advise refund steps.",low,2025-07-18T13:20:44.441116Z,refund
eadcfff0-e865-44a5-a73c-27fa74fe3c37,Gabrielle Cohen,davidmayo@example.com,ORD2479,P996,web,Civil money suffer range break maintain bit,Civil money suffer range break maintain bit.,low,2025-07-18T10:20:44.441418Z,other
e28653b7-e904-4aa3-b837-93b88bc19b9c,David Moore,wrightgregory@example.com,ORD7378,P909,web,Be five cultural personal,Be five cultural personal.,medium,2025-07-13T19:20:44.441871Z,other
30e9909d-4791-48b0-85f0-05a6e59c0f36,Michael Coleman,wilsonamanda@example.org,ORD3568,P339,chat,Product P339 is defective — screen doesn't turn on,Product P339 is defective — screen doesn't turn on. Serial: SN-YLLG-5100.,low,2025-07-30T06:20:44.442284Z,defect
37df43d3-64ab-413f-9c47-a4c17b5e0b6e,Caitlin Johnson,beth88@example.net,ORD8343,P121,email,Product P121 is defective — screen doesn't turn on,Product P121 is defective — screen doesn't turn on. Serial: SN-QvcY-9581.,low,2025-08-08T15:20:44.442674Z,defect
af209e63-300f-4099-ad52-462ca5493a28,Rita Huffman DDS,howellchris@example.net,ORD2218,P644,chat,Left center sell thank,Left center sell thank. Course back fund shake drop movement safe we.,low,2025-07-20T16:20:44.442972Z,other
48e14bdf-5b9d-4115-aa77-e1f93804f951,James Bell,jamessavage@example.org,ORD9812,P120,email,"Hi, I want a refund for order ORD9812","Hi, I want a refund for order ORD9812. The product arrived damaged and I don't want a replacement. Please advise refund steps.",low,2025-07-16T12:20:44.443476Z,refund
23bb9547-d2de-4949-a39b-9f5d2c40a836,Todd Cooper,kimclarence@example.com,,P678,email,Product P678 is defective — screen doesn't turn on,Product P678 is defective — screen doesn't turn on. Serial: SN-wdqw-0300.,low,2025-08-06T11:20:44.443844Z,defect
97edf9b7-1396-476d-9d81-548ef2a864b8,Tina Smith,kimberly74@example.org,ORD2751,P697,web,My order ORD2751 hasn't arrived,My order ORD2751 hasn't arrived. Tracking shows stuck at hub for 7 days. Please help with delivery update.,low,2025-08-05T14:20:44.444238Z,delivery
4e92e143-71ed-40b8-a1eb-6374341a1a9e,Tracy Alvarez,craigbrown@example.net,,P458,web,Product P458 is defective — screen doesn't turn on,Product P458 is defective — screen doesn't turn on. Serial: SN-VUvT-7039.,low,2025-07-24T04:20:44.444521Z,defect
cb0686ac-9f34-4907-a281-ec964da8ea75,Melissa Evans,holmesadam@example.com,ORD6774,P363,web,"Hi, I want a refund for order ORD6774","Hi, I want a refund for order ORD6774. The product arrived damaged and I don't want a replacement. Please advise refund steps.",medium,2025-08-07T00:20:44.444887Z,refund
7ccd213c-2e78-4ac7-b9ac-9df9df8ac5b2,Martin Rodriguez,brendaramsey@example.com,ORD8565,P557,chat,My order ORD8565 hasn't arrived,My order ORD8565 hasn't arrived. Tracking shows stuck at hub for 7 days. Please help with delivery update.,medium,2025-08-04T01:20:44.445250Z,delivery
f5938a91-685b-4416-b749-97cedba52ef3,Kurt Buck,hoffmancassandra@example.org,ORD5099,P351,email,My order ORD5099 hasn't arrived,My order ORD5099 hasn't arrived. Tracking shows stuck at hub for 7 days. Please help with delivery update.,low,2025-07-16T13:20:44.445752Z,delivery
5e57977f-4c43-4ef1-b4d2-b5f862484b05,Nancy Keith,lindsay19@example.org,ORD4538,P411,chat,"Hi, I want a refund for order ORD4538","Hi, I want a refund for order ORD4538. The product arrived damaged and I don't want a replacement. Please advise refund steps.",low,2025-08-06T11:20:44.446101Z,refund
378f683a-0f45-4b27-97f1-e5332d5f6cd2,Kara Owen,dominic00@example.com,,P860,web,My order  hasn't arrived,My order  hasn't arrived. Tracking shows stuck at hub for 7 days. Please help with delivery update.,low,2025-08-08T00:20:44.446400Z,delivery
cfe6b728-4dba-4a9b-ba75-21f86b72214c,Wendy Dickerson,berrycarolyn@example.net,ORD6795,P189,web,Product P189 is defective — screen doesn't turn on,Product P189 is defective — screen doesn't turn on. Serial: SN-Qbjo-9069.,low,2025-08-05T14:20:44.446716Z,defect
86fc8896-4c60-4ae0-9646-97d7b83188c3,Joshua Fletcher,ajohnson@example.com,ORD4253,P112,email,"Hi, I want a refund for order ORD4253","Hi, I want a refund for order ORD4253. The product arrived damaged and I don't want a replacement. Please advise refund steps.",low,2025-07-17T15:20:44.447080Z,refund
88be24d3-825e-4ab0-88e4-9ce21ed6dd97,Jennifer Willis DDS,lee58@example.org,ORD7782,P626,chat,Product P626 is defective — screen doesn't turn on,Product P626 is defective — screen doesn't turn on. Serial: SN-oyUb-7320.,medium,2025-07-31T15:20:44.447380Z,defect
5e7fb108-ede4-4406-8c6a-1b22e6832fd6,Kelly Vargas,ryan94@example.org,ORD9134,P109,web,My order ORD9134 hasn't arrived,My order ORD9134 hasn't arrived. Tracking shows stuck at hub for 7 days. Please help with delivery update.,medium,2025-07-22T10:20:44.447678Z,delivery
79bdbd23-7916-4695-af04-d0d8e7eabae6,Stephanie Mason,ynolan@example.org,ORD1227,P939,chat,My order ORD1227 hasn't arrived,My order ORD1227 hasn't arrived. Tracking shows stuck at hub for 7 days. Please help with delivery update.,high,2025-08-09T12:20:44.447934Z,delivery
5e83d7de-7dbb-4296-8163-a72c6661ec4a,Brian Young,jessicarodriguez@example.org,ORD8240,P206,chat,My order ORD8240 hasn't arrived,My order ORD8240 hasn't arrived. Tracking shows stuck at hub for 7 days. Please help with delivery update.,low,2025-07-28T14:20:44.448225Z,delivery
ac830f05-4c09-4188-84b3-9aab9b579797,Scott Nichols,pthomas@example.com,,P608,email,"Hi, I want a refund for order ","Hi, I want a refund for order . The product arrived damaged and I don't want a replacement. Please advise refund steps.",medium,2025-07-30T02:20:44.448582Z,refund
27416bd8-7f27-4a3e-ab3a-235118a251eb,Katie Carroll,igarcia@example.org,,P589,web,My order  hasn't arrived,My order  hasn't arrived. Tracking shows stuck at hub for 7 days. Please help with delivery update.,low,2025-08-01T14:20:44.448853Z,delivery
249adfab-0212-43a0-85e0-612f8ce045e8,James Brown,michaeldavis@example.org,ORD4551,P696,web,Product P696 is defective — screen doesn't turn on,Product P696 is defective — screen doesn't turn on. Serial: SN-nAdL-9059.,low,2025-07-14T02:20:44.449118Z,defect
a570ae51-3cc3-4e25-b09c-15a9466908e2,Nicholas Anderson,mcintoshcourtney@example.net,ORD2862,P829,chat,"Hi, I want a refund for order ORD2862","Hi, I want a refund for order ORD2862. The product arrived damaged and I don't want a replacement. Please advise refund steps.",low,2025-07-14T22:20:44.449507Z,refund
b79df555-42ce-4979-a89a-463dec9b193b,Felicia Knox,melissa96@example.com,ORD6440,P308,chat,"Hi, I want a refund for order ORD6440","Hi, I want a refund for order ORD6440. The product arrived damaged and I don't want a replacement. Please advise refund steps.",low,2025-07-11T05:20:44.449850Z,refund
de401a70-1f4d-4fcc-a37e-b626516ef0f8,Kimberly Davis,amiller@example.org,ORD5325,P291,web,Product P291 is defective — screen doesn't turn on,Product P291 is defective — screen doesn't turn on. Serial: SN-ZgrW-0111.,low,2025-08-06T01:20:44.450109Z,defect
453fef0f-4c34-406e-a21d-290f2b7fb2c5,Brenda Wilkerson,feliciawillis@example.org,ORD2066,P101,chat,Financial involve ok anyone,Financial involve ok anyone.,medium,2025-07-21T18:20:44.450483Z,other
